"key","DWG_Sub_Type_Code","Vendor_Document_Number_Code","File_Type_Short_Code","PSI_Indicator","ZDWG MZ ADN Sheet:ADN","Modified_Date","Geolocation","Plant_Name_Short_Code","DWG_Type_Short_Code","Cognite_Delete","Catalog_Profile_Code","Comments_Text","File_Sub_Type_Short_Code","Name","Cognite_Ingest","Legacy_Comments_Text","Item_ID","Loop","Object_Type_Code","File_Type_Short_Name","File_Sub_Type_Code","Title","Unit_Code","Tags_Code","UrlPath_Text","Type_Short_Code","Manufacturer_Name","Catalog_Profile_Description","SAP_Equipment_Number","Document_Sub_Type_Code","Plant_Section_Short_Code","DWG_Type_Code","EQP_LS_Code","Plant_Section_Code","Sheet_Number","CFIHOS_Code","Object_Type_Description","File_Type_Code","Line_Number","Circuit_Code","Revision_Number","Primary_Tag_Code","ZDWG MZ ADN:ADN","Unit_Name","Legacy_Tags_Code","Document_Type_Code","Cognite_Annotate","Document_Type","Plant_Code","Legacy_Document_Number_Code","DWG_Sub_Type_Short_Code","Legacy_Number_Code","Document_Sub_Type","MOC","EQP_Status_Name","Category_Name","primary_key"
"r120.1hdo.370466","Loop Diagram","","","N","","2024-02-22 13:22:26","","MZ","SNC","0","","","","067-BX-2034-05","Y","","370466","","","dwg","","067-T-2034 1HD- 067-HTCP-133 FLT UNIT 067 1HDO","1HDO","","https://mpcshsroadatalakedg2grs.blob.core.windows.net/enterprise-analytics/raw/Refining/Martinez/067/067-BX-2034-05.DWG","DWG","067-BX-2034-05","","","LPD","RF","SNC-Inst","","RENEWABLE FUEL","05","CFIHOS-70000205","","","","","000","","","1 HDO UNIT","067-HTCP-133","SNC","Y","SNC-Inst","R120","370466","LPD","067-BX-2034-05","Loop Diagram","","","","r120.1hdo.370466"
"r120.1h2p.332680","","","DAT","N","","2019-04-17 10:42:21","","MZ","","1","","","BOK","069-C-0520-001","Y","","332680","","","pdf","Data Book","MANUFACTURER&#39;S DATA BOOK - METHANATOR, V-2","1H2P","","https://mpcshsroadatalakedg2grs.blob.core.windows.net/enterprise-analytics/raw/Refining/Martinez/069/069-C-0520-001.PDF","EQP","069-C-0520-001","","","BOK","RF","","","RENEWABLE FUEL","","MPC-79000275","","Data","","","000","","","1 HYDROGEN PLT","V-2","DAT","N","Data","R120","332680","","069-C-0520-001","Data Book","","","","r120.1h2p.332680"
"r120.1h2p.363548","","","DAT","N","","2022-11-03 12:48:37","","MZ","","1","","","BOK","069-M-000568","Y","","363548","","","pdf","Data Book","FINAL DATA BOOK - ZINC OXIDE DRUM 069-V-261","1H2P","","https://mpcshsroadatalakedg2grs.blob.core.windows.net/enterprise-analytics/raw/Refining/Martinez/069/069-M-000568.PDF","EQP","069-M-000568-001","","","BOK","RF","","","RENEWABLE FUEL","","MPC-79000275","","Data","","","000","","","1 HYDROGEN PLT","069-V-261, 069-V-262","DAT","N","Data","R120","363548","","069-M-000568","Data Book","","","","r120.1h2p.363548"
"r120.1h2p.367628","","","DAT","Y","","2023-06-13 12:44:24","","MZ","","1","","","SHT","069-TE-1477","Y","","367628","","","pdf","Equipment Datasheet","TEMPERATURE ELEMENT - 1H2-FD F/V-261 TO V-262","1H2P","","https://mpcshsroadatalakedg2grs.blob.core.windows.net/enterprise-analytics/raw/Refining/Martinez/069/069-TE-1477.PDF","EQP","069-TE-1477-001","","","SHT","RF","","","RENEWABLE FUEL","","CFIHOS-70000117","","Data","","","000","","","1 HYDROGEN PLT","V-261, V-262, TE-1477","DAT","Y","Data","R120","367628","","069-TE-1477","Equipment Datasheet","","","","r120.1h2p.367628"
"r120.1h2p.389559","","","CAL","N","","2026-06-15 12:38:34","","MZ","","1","","","PSA","069-AF-1181-001","Y","","389559","","","pdf","Pipe Stress Analysis","PIPING WALL CALCULATIONS 069-E-214A/B CONVECTION COIL REPLACEMENT","1H2P","","https://mpcshsroadatalakedg2grs.blob.core.windows.net/enterprise-analytics/raw/Refining/Martinez/069/069-AF-1181-001.PDF","EQP","069-AF-1181-001","","","PSA","RF","","","RENEWABLE FUEL","","CFIHOS-70000378","","Calculation","","","A","","","1 HYDROGEN PLT","069-E-214A; 069-E-214B; 069-F-1A; 069-F-1B","CAL","N","Calculation","R120","389559","","069-AF-1181-001","Pipe Stress Analysis","","","","r120.1h2p.389559"
"r120.1h2p.55536","","","MAN","N","","2025-10-30 10:33:19","","MZ","","1","","","OEM","069-AJ-136-P-001","Y","","55536","","","pdf","OEM Manual","ELECTRIK TEL-O-SET CONCENTRIC SCALE INDICATOR INSTRUCTION BOOK","1H2P","","https://mpcshsroadatalakedg2grs.blob.core.windows.net/enterprise-analytics/raw/Refining/Martinez/069/069-AJ-136-P-001.PDF","EQP","069-AJ-0136-P-001","","","OEM","RF","","","RENEWABLE FUEL","","MPC-79000138","","Manual","","","000","","","1 HYDROGEN PLT","069-FI-545; 069-FR-543; 069-FRC-573; 069-FRC-597; 069-FRC-629; 069-LRC-544; 069-TRC-548; 069-TRC-566; 069-TRC-581","MAN","N","Manual","R120","55536","","069-AJ-136-P-001","OEM Manual","","","","r120.1h2p.55536"
"r120.1h2p.55936","Structural Steel Layout and Detail","","","N","","2012-05-03 07:37:26","","MZ","STL","1","","","","069-AM-22","Y","","55936","","","pdf","","LOCATION OF PIPE SUPPORT ATTACHMENTS FOR 69-C-15","1H2P","","https://mpcshsroadatalakedg2grs.blob.core.windows.net/enterprise-analytics/raw/Refining/Martinez/069/069-AM-22.PDF","DWG","069-AM-0022","","","DTL","RF","Steel","","RENEWABLE FUEL","22","MPC-79000266","","","","","NA","","","1 HYDROGEN PLT","V-15","STL","N","Steel","R120","55936","DTL","069-AM-22","Structural Steel Layout and Detail","","","","r120.1h2p.55936"
"r120.1h2p.56652","SNC-Inst Misc","","","N","","2012-05-03 10:43:19","","MZ","SNC","1","","","","069-BJ-190","Y","","56652","","","pdf","","SUPP&#39;TS. A.S.-1 STEEL DET&#39;S. FOR SULFUR ANALYZERS","1H2P","","https://mpcshsroadatalakedg2grs.blob.core.windows.net/enterprise-analytics/raw/Refining/Martinez/069/069-BJ-190.PDF","DWG","069-BJ-0190","","","MSC","RF","SNC-Inst","","RENEWABLE FUEL","190","MPC-79000289","","","","","NA","","","1 HYDROGEN PLT","","SNC","N","SNC-Inst","R120","56652","MSC","069-BJ-190","SNC-Inst Misc","","","","r120.1h2p.56652"
"r120.1h2p.56727","Isometric Diagram","","","N","","2012-05-07 07:08:51","","MZ","PIP","1","","","","069-BL-427","Y","","56727","","","pdf","","PIPING ISOMETRIC 5006","1H2P","","https://mpcshsroadatalakedg2grs.blob.core.windows.net/enterprise-analytics/raw/Refining/Martinez/069/069-BL-427.PDF","DWG","069-BL-0427","","","ISO","RF","Piping","","RENEWABLE FUEL","427","CFIHOS-70000193","","","","","NA","","","1 HYDROGEN PLT","","PIP","Y","Piping","R120","56727","ISO","069-BL-427","Isometric Diagram","","","","r120.1h2p.56727"
"r120.1h2p.57389","Fabrication Drawing","","","N","","2012-06-11 16:07:55","","MZ","MCH","1","","","","069-CE-339-T-001","Y","","57389","","","pdf","","TUBE BUNDLE, E-1142","1H2P","","https://mpcshsroadatalakedg2grs.blob.core.windows.net/enterprise-analytics/raw/Refining/Martinez/069/069-CE-339T.PDF","DWG","069-CE-0339T","","","FAB","RF","Mech-Fixed","","RENEWABLE FUEL","001","CFIHOS-70000056","","","","","NA","","","1 HYDROGEN PLT","E-1142","MCH","N","Mech-Fixed","R120","57389","FAB","069-CE-339-T-001","Fabrication Drawing","","","","r120.1h2p.57389"
"r120.1h2p.57690","Structural Steel Layout and Detail","","","N","","2012-05-07 14:24:25","","MZ","STL","1","","","","069-DM-50","Y","","57690","","","pdf","","69-C-102 LADDERS & PLATFORMS","1H2P","","https://mpcshsroadatalakedg2grs.blob.core.windows.net/enterprise-analytics/raw/Refining/Martinez/069/069-DM-50.PDF","DWG","069-DM-0050-001","","","DTL","RF","Steel","","RENEWABLE FUEL","50","MPC-79000266","","","","","001","","","1 HYDROGEN PLT","V-102","STL","N","Steel","R120","57690","DTL","069-DM-50","Structural Steel Layout and Detail","","","","r120.1h2p.57690"
"r120.1h2p.58050","Rotating Misc","","","N","","2021-03-22 10:40:36","","MZ","ROT","1","","","","069-EK-56T","Y","","58050","","","pdf","","O H FEED GAS DISCHARGE SNUBBER","1H2P","","https://mpcshsroadatalakedg2grs.blob.core.windows.net/enterprise-analytics/raw/Refining/Martinez/069/069-EK-56T.PDF","DWG","069-EK-0056T","","","MSC","RF","Rotating","","RENEWABLE FUEL","56T","MPC-79000288","","","","","NA","","","1 HYDROGEN PLT","K-C-202E-; K-C-2C-; K-C-2D-","ROT","N","Rotating","R120","58050","MSC","069-EK-56T","Rotating Misc","","","","r120.1h2p.58050"
"r120.1hdo.291142","Fabrication Drawing","","","N","","2025-10-29 08:53:51","","MZ","MCH","1","","","","067-BE-146-T-004","Y","","291142","","","pdf","","FRONT CHANNEL DETAILS, HE-5051","1HDO","","https://mpcshsroadatalakedg2grs.blob.core.windows.net/enterprise-analytics/raw/Refining/Martinez/067/067-BE-146-T-004.PDF","DWG","067-BE-0146-T-004","","","FAB","RF","Mech-Fixed","","RENEWABLE FUEL","004","CFIHOS-70000056","","","","","002","","","1 HDO UNIT","E-5051","MCH","N","Mech-Fixed","R120","291142","FAB","067-BE-146-T-004","Fabrication Drawing","","","","r120.1hdo.291142"
"r120.1hdo.326389","","","RPT","N","","2018-06-25 11:00:27","","MZ","","1","","","LPK","067-F-0007-001","Y","","326389","","","pdf","Loop Check","HC1 - A TRIM FURNACE F-28 OIL FEED FLOW","1HDO","","https://mpcshsroadatalakedg2grs.blob.core.windows.net/enterprise-analytics/raw/Refining/Martinez/067/067-F-0007.PDF","EQP","067-F-0007-001","","","LPK","RF","","","RENEWABLE FUEL","","MPC-79000123","","Report","","","000","","","1 HDO UNIT","Paste Device Tag / Loop Number","RPT","N","Report","R120","326389","","067-F-0007-001","Loop Check","","","","r120.1hdo.326389"
"r120.1hdo.356053","Isometric Diagram","","","N","","2022-05-16 14:25:35","","MZ","PIP","1","","","","P-17726-02","Y","","356053","","","dwg","","PIPING ISOMETRIC - LN 17726 - P-17726-2&#34;-C2H-ET","1HDO","","https://mpcshsroadatalakedg2grs.blob.core.windows.net/enterprise-analytics/raw/Refining/Martinez/067/067-P-17726-02.DWG","DWG","067-P-17726-002","","","ISO","RF","Piping","","RENEWABLE FUEL","02","CFIHOS-70000193","","","","","000","","","1 HDO UNIT","","PIP","Y","Piping","R120","356053","ISO","P-17726-02","Isometric Diagram","","","","r120.1hdo.356053"
"r120.1hdo.356064","Isometric Diagram","","","N","","2022-05-16 14:25:35","","MZ","PIP","1","","","","P-17741-01","Y","","356064","","","dwg","","PIPING ISOMETRIC - LN 17741 - P-17741-6&#34;-C2-NI","1HDO","","https://mpcshsroadatalakedg2grs.blob.core.windows.net/enterprise-analytics/raw/Refining/Martinez/067/067-P-17741-01.DWG","DWG","067-P-17741-001","","","ISO","RF","Piping","","RENEWABLE FUEL","01","CFIHOS-70000193","","","","","000","","","1 HDO UNIT","","PIP","Y","Piping","R120","356064","ISO","P-17741-01","Isometric Diagram","","","","r120.1hdo.356064"
"r120.1hdo.365567","Fabrication Drawing","","","N","","2022-12-21 13:15:40","","MZ","STL","1","","","","067-DM-080-006","Y","","365567","","","pdf","","SHOP DRAWING - 067-SUPPORT-STRUCT-2 - ONE COLUMN 2006C","1HDO","","https://mpcshsroadatalakedg2grs.blob.core.windows.net/enterprise-analytics/raw/Refining/Martinez/067/067-DM-080-006.PDF","DWG","067-DM-0080-006","","","FAB","RF","Steel","","RENEWABLE FUEL","006","CFIHOS-70000056","","","","","001","","","1 HDO UNIT","","STL","N","Steel","R120","365567","FAB","067-DM-080-006","Fabrication Drawing","","","","r120.1hdo.365567"
"r120.1hdo.375945","General Arrangement Diagram","","","N","","2024-08-01 14:12:27","","MZ","ROT","1","","","","067-DG-069-001","Y","","375945","","","dwg","","GENERAL ARRANGEMENT DRAWING 004-P-10771,004-P-10772,067-P-10727","1HDO","","https://mpcshsroadatalakedg2grs.blob.core.windows.net/enterprise-analytics/raw/Refining/Martinez/067/067-DG-069-001.DWG","DWG","067-DG-0069-001","","","GAD","RF","Rotating","","RENEWABLE FUEL","001","CFIHOS-70000153","","","","","002","","","1 HDO UNIT","P-10727; P-10771; P-10772","ROT","N","Rotating","R120","375945","GAD","067-DG-069-001","General Arrangement Diagram","","","","r120.1hdo.375945"
"r120.1hdo.50789","Rotating Misc","","","N","","2012-04-26 16:56:10","","MZ","ROT","1","","","","067-BG-009-T-001","Y","","50789","","","pdf","","CROSS SECTION OF PUMP-PART NAMES (TURB#170)","1HDO","","https://mpcshsroadatalakedg2grs.blob.core.windows.net/enterprise-analytics/raw/Refining/Martinez/067/067-BG-9T.PDF","DWG","067-BG-0009T","","","MSC","RF","Rotating","","RENEWABLE FUEL","001","MPC-79000288","","","","","NA","","","1 HDO UNIT","P-8029","ROT","N","Rotating","R120","50789","MSC","067-BG-009-T-001","Rotating Misc","","","","r120.1hdo.50789"
"r120.1hdo.51932","Fabrication Drawing","","","N","","2012-04-30 08:09:06","","MZ","STL","1","","","","067-EM-021-T-001","Y","","51932","","","pdf","","LADDERS","1HDO","","https://mpcshsroadatalakedg2grs.blob.core.windows.net/enterprise-analytics/raw/Refining/Martinez/067/067-EM-21T.PDF","DWG","067-EM-0021T","","","FAB","RF","Steel","","RENEWABLE FUEL","001","CFIHOS-70000056","","","","","NA","","","1 HDO UNIT","","STL","N","Steel","R120","51932","FAB","067-EM-021-T-001","Fabrication Drawing","","","","r120.1hdo.51932"
"r120.1hdo.81863","Loop Diagram","","","N","","2024-01-30 08:38:55","","MZ","SNC","1","","","","67-BX-756-02","Y","SELAS NOX REDUCTION PROJECT ISSUED FOR CONSTRUCTION","81863","","","dwg","","LOOP 67-P-756B-TRIM FURN 67F-1B (F-29) FUEL GAS S/D-HYDROCRACKER STAGE 1","1HDO","","https://mpcshsroadatalakedg2grs.blob.core.windows.net/enterprise-analytics/raw/Refining/Martinez/067/67-BX-756-02.DWG","DWG","067-BX-0756-02","","","LPD","RF","SNC-Inst","","RENEWABLE FUEL","02","CFIHOS-70000205","","","","","005","","","1 HDO UNIT","","SNC","Y","SNC-Inst","R120","81863","LPD","67-BX-756-02","Loop Diagram","","","","r120.1hdo.81863"
"r120.1hds.277180","Fabrication Drawing","","","N","","1954-06-18 00:00:00","","MZ","STL","1","","","","005-EM-009-P-001","Y","","277180","","","pdf","","HERRICK IRON WORKS - HYDROBON PLATFORMER UNITS, COMPRESSOR SHELTER","1HDS","","https://mpcshsroadatalakedg2grs.blob.core.windows.net/enterprise-analytics/raw/Refining/Martinez/005/005-EM-009-P-001.PDF","DWG","005-EM-0009-P-001","","","FAB","RF","Steel","","RENEWABLE FUEL","001","CFIHOS-70000056","","","","","","","","HDS #1","","STL","N","Steel","R120","277180","FAB","005-EM-009-P-001","Fabrication Drawing","","","","r120.1hds.277180"
"r120.1ptu.371828","Loop Diagram","","","N","","2024-03-19 21:40:52","","MZ","SNC","1","","","","120-BX-0520-01","Y","","371828","","","dwg","","LOOP 120-X-0520 PTU-P-10784 LUBE OIL PUMP UNIT 120 1PTU","1PTU","","https://mpcshsroadatalakedg2grs.blob.core.windows.net/enterprise-analytics/raw/Refining/Martinez/120/120-BX-0520-01.DWG","DWG","120-BX-0520-01","","","LPD","RF","SNC-Inst","","RENEWABLE FUEL","01","CFIHOS-70000205","","","","","000","","","#1 PRETREATMENT UNIT","P-10784","SNC","Y","SNC-Inst","R120","371828","LPD","120-BX-0520-01","Loop Diagram","","","","r120.1ptu.371828"
"r120.1ptu.374484","Schematic - Block - Elementary Diagram","","","N","","2024-06-04 07:59:51","","MZ","ELE","1","","","","120-DP-246-001","Y","","374484","","","dwg","","SCHEMATIC RIO SEL-2440 ","1PTU","","https://mpcshsroadatalakedg2grs.blob.core.windows.net/enterprise-analytics/raw/Refining/Martinez/120/120-DP-246-001.DWG","DWG","120-DP-0246-001","","","SCM","RF","Electrical","","RENEWABLE FUEL","001","MPC-79000008","","","","","002","","","#1 PRETREATMENT UNIT","SEL-2440","ELE","N","Electrical","R120","374484","SCM","120-DP-246-001","Schematic - Block - Elementary Diagram","","","","r120.1ptu.374484"
"r120.1ptu.374506","","","LST","N","","2024-06-04 10:53:24","","MZ","","0","","","NPT","120-DP-267-002","Y","","374506","","","dwg","Nameplate Detail","TEST SWITCH NAMEPLATE UNIT 4","1PTU","","https://mpcshsroadatalakedg2grs.blob.core.windows.net/enterprise-analytics/raw/Refining/Martinez/120/120-DP-267-002.DWG","EQP","120-DP-0267-002","","","NPT","RF","","","RENEWABLE FUEL","","MPC-79000133","","List","","","001","","","#1 PRETREATMENT UNIT","SWGR-18A1; SWGR-18B1","LST","N","List","R120","374506","","120-DP-267-002","Nameplate Detail","","","","r120.1ptu.374506"
"r120.1wwt.342166","Process Flow Diagram (PFD)","","","Y","","2023-11-29 10:26:08","","MZ","PRC","0","","","","074-DA-145-005","Y","","342166","","","dwg","","PROCESS FLOW DIAGRAM - WASTE WATER TREATMENT PLANT - WASTEWATER OUTFALL","1WWT","","https://mpcshsroadatalakedg2grs.blob.core.windows.net/enterprise-analytics/raw/Refining/Martinez/074/074-DA-145-005.DWG","DWG","074-DA-0145-005","","","PFD","RF","Process","","RENEWABLE FUEL","005","CFIHOS-70000293","","","","","001","","","1 WASTE WATER TREAT","074-M-5864; 074-M-5865; 074-M-5866; 074-P-10537; 074-P-8301; 074-P-8303; 074-P-9486; 074-P-9815A; 074-P-9815B","PRC","Y","Process","R120","342166","PFD","074-DA-145-005","Process Flow Diagram (PFD)","","","","r120.1wwt.342166"
"r120.2hdo.366187","Fabrication Drawing","","","N","","2023-01-20 12:38:18","","MZ","STL","0","","","","004-DM-230-156","Y","","366187","","","pdf","","SHOP DRAWING - 004-AIR-COOLER-PLAT - ONE - BRACE_PLATE - 4391D","2HDO","","https://mpcshsroadatalakedg2grs.blob.core.windows.net/enterprise-analytics/raw/Refining/Martinez/004/004-DM-230-156.PDF","DWG","004-DM-0230-156","","","FAB","RF","Steel","","RENEWABLE FUEL","156","CFIHOS-70000056","","","","","001","","","2 HDO UNIT","","STL","N","Steel","R120","366187","FAB","004-DM-230-156","Fabrication Drawing","","","","r120.2hdo.366187"
"r120.2wtp.204288","Foundation Layout and Detail","","","N","","2006-03-07 07:57:00","","MZ","CON","0","","","","032-DQ-0050-1","Y","","204288","","","pdf","","FERRIC SULFATE TANK FOUNDATION AND CONTAINMENT","2WTP","","https://mpcshsroadatalakedg2grs.blob.core.windows.net/enterprise-analytics/raw/Refining/Martinez/032/032-DQ-0050-1.PDF","DWG","032-DQ-0050-001","","","FDN","RF","Concrete","","RENEWABLE FUEL","1","CFIHOS-70000150","","","","","001","","","2 WATER TREATER","","CON","N","Concrete","R120","204288","FDN","032-DQ-0050-1","Foundation Layout and Detail","","","","r120.2wtp.204288"
"r120.2wwt.377337","SNC-Inst Misc","","","N","","2024-10-07 09:20:26","","MZ","SNC","0","","","","122-AJ-108-001","Y","","377337","","","pdf","","INFIT 761/WS/0070/4435/D00/SI9","2WWT","","https://mpcshsroadatalakedg2grs.blob.core.windows.net/enterprise-analytics/raw/Refining/Martinez/122/122-AJ-108-001.PDF","DWG","122-AJ-0108-001","","","MSC","RF","SNC-Inst","","RENEWABLE FUEL","001","MPC-79000289","","","","","B","","","#2 WASTE WATER TREATMENT","122-AE-0027; 122-AE-0048; 122-AT-0027; 122-AT-0048","SNC","N","SNC-Inst","R120","377337","MSC","122-AJ-108-001","SNC-Inst Misc","","","","r120.2wwt.377337"
"r120.3crd.265447","Fabrication Drawing","","","N","","2010-05-11 16:18:02","","MZ","STL","0","","","","048-DM-026-T-094","Y","","265447","","","pdf","","13FR1FP 10 SECTIONS A-M","3CRD","","https://mpcshsroadatalakedg2grs.blob.core.windows.net/enterprise-analytics/raw/Refining/Martinez/048/048-DM-026-T-094.PDF","DWG","048-DM-0026-T-094","","","FAB","HO","Steel","","HEAVY OILS","094","CFIHOS-70000056","","","","","002","","","3 CRUDE","048-PS-002 THRU 027","STL","N","Steel","R120","265447","FAB","048-DM-026-T-094","Fabrication Drawing","","","","r120.3crd.265447"
"r120.3crd.265454","Fabrication Drawing","","","N","","2010-05-11 16:18:02","","MZ","STL","0","","","","048-DM-026-T-101","Y","","265454","","","pdf","","FABRICATION DRAWING - ","3CRD","","https://mpcshsroadatalakedg2grs.blob.core.windows.net/enterprise-analytics/raw/Refining/Martinez/048/048-DM-026-T-101.PDF","DWG","048-DM-0026-T-101","","","FAB","HO","Steel","","HEAVY OILS","101","CFIHOS-70000056","","","","","002","","","3 CRUDE","048-PS-002 THRU 027","STL","N","Steel","R120","265454","FAB","048-DM-026-T-101","Fabrication Drawing","","","","r120.3crd.265454"
"r120.3hdo.65414","Electrical Misc","","","N","","2001-10-16 11:38:00","","MZ","ELE","0","","","","076-B2-29T","Y","","65414","","","dwg","","LOC OF VIB LIMIT SWITCH & MTR TERM BOX","3HDO","","https://mpcshsroadatalakedg2grs.blob.core.windows.net/enterprise-analytics/raw/Refining/Martinez/076/076-B2-29T.DWG","DWG","076-B2-0029T","","","MSC","RF","Electrical","","RENEWABLE FUEL","29T","MPC-79000281","","","","","NA","","","3 HDO UNIT","CT-76","ELE","N","Electrical","R120","65414","MSC","076-B2-29T","Electrical Misc","","","","r120.3hdo.65414"
"r120.3hdo.85771","Electrical Misc","","","N","","2001-10-16 11:38:00","","MZ","ELE","0","","","","76-DP-1775-01","Y","DAVE GUERRA","85771","","","dwg","","FUNCTIONAL BLOCK DWG-FOR MAKE-UP COMPRESSORS-LOCAL ANNUNCIATOR","3HDO","","https://mpcshsroadatalakedg2grs.blob.core.windows.net/enterprise-analytics/raw/Refining/Martinez/076/76-DP-1775-01.DWG","DWG","076-DP-1775-01","","","MSC","RF","Electrical","","RENEWABLE FUEL","01","MPC-79000281","","","","","","","","3 HDO UNIT","","ELE","N","Electrical","R120","85771","MSC","76-DP-1775-01","Electrical Misc","","","","r120.3hdo.85771"
"r120.3ref.211511","Wiring - Hookup Diagram","","","N","","2007-01-12 14:54:00","","MZ","SNC","0","","","","075-DJ-1180-1","Y","","211511","","","dwg","","TERMINATION BOX WIRING DIAGRAM #3 REFORMER - UNIT 075 75-TC-1","3REF","","https://mpcshsroadatalakedg2grs.blob.core.windows.net/enterprise-analytics/raw/Refining/Martinez/075/075-DJ-1180-1.DWG","DWG","075-DJ-1180-001","","","WIR","LO","SNC-Inst","","LIGHT OILS","1","CFIHOS-70000167","","","","","000","","","3 REFORMER","","SNC","N","SNC-Inst","R120","211511","WIR","075-DJ-1180-1","Wiring - Hookup Diagram","","","","r120.3ref.211511"
"r120.3ref.62584","Electrical Misc","","","N","","2001-10-16 11:38:00","","MZ","ELE","0","","","","075-A-293","Y","","62584","","","dwg","","SUBSTATION YARD FIXTURE","3REF","","https://mpcshsroadatalakedg2grs.blob.core.windows.net/enterprise-analytics/raw/Refining/Martinez/075/075-A-293.DWG","DWG","","","","MSC","LO","Electrical","","LIGHT OILS","293","MPC-79000281","","","","","NA","","","3 REFORMER","","ELE","N","Electrical","R120","62584","MSC","075-A-293","Electrical Misc","","","","r120.3ref.62584"
"r120.3ref.63850","Wiring - Hookup Diagram","","","N","","2001-10-16 11:38:00","","MZ","SNC","0","","","","075-E-47","Y","","63850","","","dwg","","INST WIRING PLAN @ GRADE","3REF","","https://mpcshsroadatalakedg2grs.blob.core.windows.net/enterprise-analytics/raw/Refining/Martinez/075/075-E-47.DWG","DWG","","","","WIR","LO","SNC-Inst","","LIGHT OILS","47","CFIHOS-70000167","","","","","NA","","","3 REFORMER","","SNC","N","SNC-Inst","R120","63850","WIR","075-E-47","Wiring - Hookup Diagram","","","","r120.3ref.63850"
"r120.4hds.104142","Wiring - Hookup Diagram","","","N","","2004-01-14 13:54:00","","MZ","SNC","0","","","","092-DJ-102-005","Y","","104142","","","dwg","","CONNECTION DIAGRAM COMPRESSOR VIBRATION MONITORING","4HDS","","https://mpcshsroadatalakedg2grs.blob.core.windows.net/enterprise-analytics/raw/Refining/Martinez/092/092-DJ-102-5.DWG","DWG","092-DJ-102-5","","","WIR","LO","SNC-Inst","","LIGHT OILS","005","CFIHOS-70000167","","","","","002","","","4 HDS","","SNC","N","SNC-Inst","R120","104142","WIR","092-DJ-102-005","Wiring - Hookup Diagram","","","","r120.4hds.104142"
"r120.50uc.106941","Assembly Diagram and Components","","","N","","2004-11-22 12:38:00","","MZ","MCH","0","","","","016-DC-205-P-6","Y","","106941","","","dwg","","PLATFORM GRATING LAYOUT","50UC","","https://mpcshsroadatalakedg2grs.blob.core.windows.net/enterprise-analytics/raw/Refining/Martinez/016/016-DC-205-P-6.DWG","DWG","016-DC-205-P-006","","","ASB","HO","Mech-Fixed","","HEAVY OILS","6","CFIHOS-70000017","","","","","000","","","50 UNIT - CRUDE","V-144","MCH","N","Mech-Fixed","R120","106941","ASB","016-DC-205-P-6","Assembly Diagram and Components","","","","r120.50uc.106941"
"r120.50uc.204395","Location Plan - Steel","","","N","","2006-03-09 11:53:00","","MZ","STL","0","","","","016-DM-165-1","Y","","204395","","","dwg","","016-DM-165 GENERAL ARRANGEMENT PLAN SCR SYSTEM ","50UC","","https://mpcshsroadatalakedg2grs.blob.core.windows.net/enterprise-analytics/raw/Refining/Martinez/016/016-DM-165-1.DWG","DWG","016-DM-165-001","","","LPN","HO","Steel","","HEAVY OILS","1","MPC-79000278","","","","","000","","","50 UNIT - CRUDE","","STL","N","Steel","R120","204395","LPN","016-DM-165-1","Location Plan - Steel","","","","r120.50uc.204395"
"r120.50uc.26467","Fabrication Drawing","","","N","","2001-10-16 11:38:00","","MZ","PIP","0","","","","016-AL-39P","Y","","26467","","","dwg","","PIPE SPOOL DETS-MARK 200A-1","50UC","","https://mpcshsroadatalakedg2grs.blob.core.windows.net/enterprise-analytics/raw/Refining/Martinez/016/016-AL-39P.DWG","DWG","016-AL-0039P","","","FAB","HO","Piping","","HEAVY OILS","39P","CFIHOS-70000056","","","","","NA","","","50 UNIT - CRUDE","","PIP","N","Piping","R120","26467","FAB","016-AL-39P","Fabrication Drawing","","","","r120.50uc.26467"
"r120.5gas.302619","Structural Steel Layout and Detail","","","N","","2014-06-17 14:37:44","","MZ","STL","0","","","","003-DM-626-001","Y","","302619","","","dwg","","STRUCTURAL U-003 PLATFORM PLAN AND SECTIONS","5GAS","","https://mpcshsroadatalakedg2grs.blob.core.windows.net/enterprise-analytics/raw/Refining/Martinez/003/003-DM-626-001.DWG","DWG","003-DM-0626-001","","","DTL","RF","Steel","","RENEWABLE FUEL","001","MPC-79000266","","","","","000","","","5 GAS PLANT","","STL","N","Steel","R120","302619","DTL","003-DM-626-001","Structural Steel Layout and Detail","","","","r120.5gas.302619"
"r120.6blr.33263","Structural Steel Layout and Detail","","","N","","2001-10-16 11:38:00","","MZ","STL","0","","","","031-EM-75","Y","","33263","","","dwg","","MIS DETS","6BLR","","https://mpcshsroadatalakedg2grs.blob.core.windows.net/enterprise-analytics/raw/Refining/Martinez/031/031-EM-75.DWG","DWG","031-EM-0075","","","DTL","LG","Steel","","LOGISTICS","75","MPC-79000266","","","","","NA","","","6 BOILERHOUSE","","STL","N","Steel","R120","33263","DTL","031-EM-75","Structural Steel Layout and Detail","","","","r120.6blr.33263"
"r120.alky.295590","Structural Steel Layout and Detail","","","N","","2013-08-21 09:58:40","","MZ","STL","0","","","","073-DM-233-002","Y","","295590","","","dwg","","PLATFORM @ TOP OF C-2, SECTIONS AND DETAILS","ALKY","","https://mpcshsroadatalakedg2grs.blob.core.windows.net/enterprise-analytics/raw/Refining/Martinez/073/073-DM-233-002.DWG","DWG","073-DM-0233-002","","","DTL","LO","Steel","","LIGHT OILS","002","MPC-79000266","","","","","000","","","ALKYLATION","","STL","N","Steel","R120","295590","DTL","073-DM-233-002","Structural Steel Layout and Detail","","","","r120.alky.295590"
"r120.1h2p.205800","Isometric Diagram","","","N","","2006-04-03 11:17:00","","MZ","PIP","0","","","","069-BL-494-1","Y","","205800","","","dwg","","069-BL-494 BOILER FEED ATER & CONDENSATE SYSTEM ISOMETRIC PIPING","1H2P","","https://mpcshsroadatalakedg2grs.blob.core.windows.net/enterprise-analytics/raw/Refining/Martinez/069/069-BL-494-1.DWG","DWG","069-BL-494-001","","","ISO","RF","Piping","","RENEWABLE FUEL","1","CFIHOS-70000193","","","","","000","","","1 HYDROGEN PLT","","PIP","Y","Piping","R120","205800","ISO","069-BL-494-1","Isometric Diagram","","","","r120.1h2p.205800"
"r120.1h2p.298271","Wiring - Connection Diagram","","","N","","2013-08-02 08:49:06","","MZ","ELE","0","","","","069-DP-095-T-001","Y","","298271","","","pdf","","POWER WIRING DIAGRAM PANEL 069-HTCP-01","1H2P","","https://mpcshsroadatalakedg2grs.blob.core.windows.net/enterprise-analytics/raw/Refining/Martinez/069/069-DP-095-T-001.PDF","DWG","069-DP-0095-T-001","","","WIR","RF","Electrical","","RENEWABLE FUEL","001","CFIHOS-70000055","","","","","001","","","1 HYDROGEN PLT","","ELE","N","Electrical","R120","298271","WIR","069-DP-095-T-001","Wiring - Connection Diagram","","","","r120.1h2p.298271"
"r120.1h2p.308218","","","RPT","N","","2016-02-19 14:45:24","","MZ","","0","","","LPK","069-P-0708-001","Y","","308218","","","pdf","Loop Check","HOT SHIFT CONVERTER V-1 OUTLET PRESSURE","1H2P","","https://mpcshsroadatalakedg2grs.blob.core.windows.net/enterprise-analytics/raw/Refining/Martinez/069/069-P-0708.PDF","EQP","069-P-0708-001","","","LPK","RF","","","RENEWABLE FUEL","","MPC-79000123","","Report","","","001","","","1 HYDROGEN PLT","V-1","RPT","N","Report","R120","308218","","069-P-0708-001","Loop Check","","","","r120.1h2p.308218"
"r120.1h2p.315436","Isometric Diagram","","","N","","2020-09-02 13:15:39","","MZ","PIP","0","","","","BD-514-1","Y","","315436","","","dwg","","PIPING ISOMETRIC 69BD-514-6&#34;-EE","1H2P","","https://mpcshsroadatalakedg2grs.blob.core.windows.net/enterprise-analytics/raw/Refining/Martinez/069/69-BD-514-1.DWG","DWG","069-BD-0514-001","","","ISO","RF","Piping","","RENEWABLE FUEL","1","CFIHOS-70000193","","","","","002","","","1 HYDROGEN PLT","","PIP","Y","Piping","R120","315436","ISO","BD-514-1","Isometric Diagram","","","","r120.1h2p.315436"
"r120.1fdp.24300","Piping and Plumbing Layout and Detail","","","N","","2001-10-16 11:38:00","","MZ","PIP","0","","","","011-BL-0132","Y","","24300","","","dwg","","INTERFERENCE DRAWINGS","1FDP","","https://mpcshsroadatalakedg2grs.blob.core.windows.net/enterprise-analytics/raw/Refining/Martinez/011/011-BL-0132.DWG","DWG","011-BL-0132","","","LYD","HO","Piping","","HEAVY OILS","0132","CFIHOS-70000277","","","","","NA","","","1 FEED PREP","","PIP","N","Piping","R120","24300","LYD","011-BL-0132","Piping and Plumbing Layout and Detail","","","","r120.1fdp.24300"